批次编号,时间,产品等级,产线,班次,反应器温度,反应器压力,进料流量,催化剂活性,pH值,杂质浓度,能耗,产能,收率,粘度,水分,运营成本指数,运行工况
B01007,2025-10-28 00:00,Grade_A,Line_1,night,187.86,12.56,49.45,0.89,7.25,15.3,1025.0,12.09,97.99,185.5,0.129,1.001,normal
B01378,2025-10-07 08:00,Grade_C,Line_3,day,146.29,10.34,33.41,0.659,6.39,72.6,804.5,5.81,80.24,203.7,0.521,1.336,startup_transition
B01057,2025-12-22 16:00,Grade_A,Line_1,day,196.52,15.05,43.75,0.887,7.07,12.7,1099.5,12.31,97.26,218.8,0.127,0.932,normal
B01040,2025-11-05 16:00,Grade_A,Line_1,day,192.58,12.85,45.27,0.919,7.03,20.8,1069.7,11.76,94.33,180.8,0.134,1.05,normal
B01009,2025-10-02 16:00,Grade_A,Line_1,day,200.37,13.36,44.94,0.841,6.8,20.3,1049.5,13.92,97.05,200.3,0.091,0.975,normal
B01179,2025-04-04 00:00,Grade_A,Line_2,night,224.56,18.14,67.01,0.863,6.75,20.9,1372.7,16.1,92.87,235.6,0.269,1.072,high_load
B01163,2025-03-16 10:00,Grade_A,Line_2,day,228.01,17.95,66.92,0.82,6.89,21.5,1157.8,16.54,93.67,240.1,0.249,1.132,high_load
B01350,2025-10-07 06:00,Grade_C,Line_3,day,147.07,9.94,21.48,0.664,6.84,96.1,894.6,6.81,69.35,172.0,0.451,1.328,startup_transition
B01341,2025-09-26 00:00,Grade_C,Line_3,night,174.93,9.85,31.87,0.616,6.84,116.6,810.1,7.1,66.21,178.2,0.348,1.637,startup_transition
B01207,2025-05-04 22:00,Grade_A,Line_2,night,212.9,18.45,55.72,0.837,6.89,24.4,1152.9,14.41,88.07,229.8,0.195,1.153,high_load
B01021,2025-11-14 08:00,Grade_A,Line_1,day,202.59,13.48,43.58,0.928,7.22,18.4,1097.7,12.96,94.03,212.7,0.11,0.983,normal
B01022,2025-11-15 10:00,Grade_A,Line_1,day,190.29,15.56,49.42,0.84,6.97,11.6,981.7,13.06,97.41,200.2,0.105,1.032,normal
B01318,2025-08-03 22:00,Grade_C,Line_3,night,160.51,10.07,31.05,0.564,6.09,69.9,949.4,7.66,70.92,207.8,0.369,1.543,startup_transition
B01109,2025-01-18 00:00,Grade_A,Line_1,night,186.26,15.35,47.0,0.89,7.18,17.8,1049.3,11.87,94.01,194.1,0.137,0.887,normal
B01177,2025-04-02 16:00,Grade_A,Line_2,day,230.41,17.57,56.48,0.823,6.86,33.6,1306.8,15.65,93.72,227.7,0.242,1.138,high_load
B01043,2025-11-08 22:00,Grade_A,Line_1,night,192.93,14.86,42.76,0.91,7.18,9.7,1059.0,13.55,96.4,184.8,0.178,1.007,normal
B01319,2025-08-04 14:00,Grade_C,Line_3,day,155.92,9.62,20.07,0.585,6.51,89.1,890.6,5.36,66.99,180.8,0.364,1.515,startup_transition
B01129,2025-02-10 14:00,Grade_A,Line_2,day,215.38,17.41,55.66,0.814,7.03,36.4,1258.2,15.61,93.08,225.9,0.265,1.196,high_load
B01105,2025-01-14 22:00,Grade_A,Line_1,night,204.33,15.27,50.01,0.838,6.95,18.9,1077.3,12.66,94.41,213.8,0.165,0.907,normal
B01093,2025-01-02 18:00,Grade_A,Line_1,day,188.44,15.79,46.6,0.91,7.02,15.4,939.1,12.31,95.6,183.1,0.167,0.999,normal
B01262,2025-07-03 06:00,Grade_B,Line_1,day,181.02,12.65,41.62,0.504,6.62,41.2,1216.1,7.31,85.19,249.4,0.243,1.182,catalyst_fade
B01120,2025-02-01 16:00,Grade_A,Line_1,day,202.83,15.41,49.12,0.941,7.18,21.5,1011.6,11.36,94.8,185.6,0.159,0.855,normal
B01283,2025-07-24 22:00,Grade_B,Line_1,night,194.13,13.9,38.13,0.56,6.21,46.3,1174.1,9.34,86.7,306.4,0.402,1.361,catalyst_fade
B01333,2025-09-18 06:00,Grade_C,Line_3,day,144.38,8.94,23.77,0.699,6.75,64.7,871.5,4.38,80.93,178.4,0.313,1.608,startup_transition
B01065,2025-12-02 00:00,Grade_A,Line_1,night,186.99,15.64,42.15,0.839,7.32,24.5,933.5,13.34,95.06,204.9,0.12,0.866,normal
B01186,2025-04-11 10:00,Grade_A,Line_2,day,230.34,18.82,58.87,0.83,6.55,23.3,1177.1,14.92,89.1,241.6,0.216,1.134,high_load
B01292,2025-08-05 18:00,Grade_B,Line_1,day,175.34,12.69,40.35,0.578,6.63,69.0,1167.1,9.1,78.73,314.2,0.241,1.386,catalyst_fade
B01379,2025-10-08 18:00,Grade_C,Line_3,day,164.21,11.63,31.95,0.694,6.12,58.0,880.9,5.45,73.9,173.0,0.498,1.505,startup_transition
B01263,2025-07-04 14:00,Grade_B,Line_1,day,187.18,13.11,43.31,0.645,6.45,53.4,1082.1,8.64,87.1,295.1,0.316,1.22,catalyst_fade
B01161,2025-03-14 18:00,Grade_A,Line_2,day,232.86,17.48,60.38,0.823,6.63,23.6,1210.0,16.8,91.47,225.1,0.17,1.116,high_load
B01032,2025-11-25 10:00,Grade_A,Line_1,day,198.18,13.14,48.64,0.901,6.86,24.2,962.3,11.93,97.23,185.9,0.085,1.047,normal
B01130,2025-02-11 22:00,Grade_A,Line_2,night,219.15,17.6,62.41,0.775,6.83,21.8,1266.0,16.29,89.68,259.3,0.238,1.074,high_load
B01005,2025-10-26 14:00,Grade_A,Line_1,day,198.4,14.81,48.84,0.829,7.18,17.1,964.1,12.39,95.08,217.0,0.149,0.894,normal
B01181,2025-04-06 14:00,Grade_A,Line_2,day,221.14,17.56,65.04,0.827,6.8,28.6,1155.6,14.31,90.5,257.7,0.165,1.238,high_load
B01266,2025-07-07 10:00,Grade_B,Line_1,day,188.27,10.68,38.58,0.538,6.64,74.5,1068.6,9.44,79.83,272.1,0.412,1.232,catalyst_fade
B01316,2025-08-01 22:00,Grade_C,Line_3,night,161.49,10.08,30.67,0.669,6.95,107.4,915.3,5.76,68.43,189.4,0.501,1.414,startup_transition
B01150,2025-03-03 16:00,Grade_A,Line_2,day,230.41,18.98,62.52,0.756,6.71,21.6,1378.6,16.8,88.41,256.0,0.154,1.132,high_load
B01225,2025-05-22 10:00,Grade_B,Line_1,day,178.52,12.37,43.06,0.59,6.84,36.3,1190.1,9.84,83.64,285.0,0.258,1.446,catalyst_fade
B01042,2025-11-07 00:00,Grade_A,Line_1,night,198.99,15.07,43.68,0.899,7.25,9.9,1067.5,13.89,94.43,181.0,0.111,0.985,normal
B01345,2025-09-02 10:00,Grade_C,Line_3,day,153.0,8.36,22.37,0.568,6.62,115.2,979.5,6.5,66.02,188.7,0.475,1.617,startup_transition
B01194,2025-04-19 00:00,Grade_A,Line_2,night,213.55,18.53,63.16,0.799,6.55,39.9,1326.8,15.21,92.5,241.7,0.264,1.141,high_load
B01389,2025-11-18 06:00,Grade_C,Line_3,day,169.12,8.78,32.51,0.734,6.48,83.2,806.4,4.54,67.64,177.6,0.516,1.658,startup_transition
B01138,2025-02-19 16:00,Grade_A,Line_2,day,213.05,18.71,59.94,0.877,6.99,43.9,1335.1,14.87,89.73,242.8,0.195,1.138,high_load
B01006,2025-10-27 18:00,Grade_A,Line_1,day,201.86,15.1,44.29,0.824,6.99,12.6,958.0,13.83,97.51,192.6,0.146,0.929,normal
B01176,2025-04-01 10:00,Grade_A,Line_2,day,217.51,18.41,64.04,0.812,6.61,30.0,1223.4,16.2,91.8,258.1,0.252,1.115,high_load
B01151,2025-03-04 10:00,Grade_A,Line_2,day,229.15,19.91,63.4,0.805,7.1,29.6,1350.0,16.72,90.25,241.0,0.236,1.158,high_load
B01233,2025-06-02 08:00,Grade_B,Line_1,day,176.48,10.68,38.75,0.596,6.58,75.4,1068.6,8.78,84.14,278.6,0.226,1.433,catalyst_fade
B01080,2025-01-17 06:00,Grade_A,Line_1,day,190.55,15.94,51.88,0.89,7.28,9.9,1076.0,11.4,95.43,211.5,0.139,0.853,normal
B01366,2025-10-23 08:00,Grade_C,Line_3,day,153.6,9.09,32.78,0.682,6.86,51.3,956.1,6.6,68.93,172.8,0.544,1.34,startup_transition
B01118,2025-02-27 22:00,Grade_A,Line_1,night,191.29,13.11,51.61,0.823,6.91,16.8,1084.4,11.35,97.1,208.2,0.101,0.972,normal
B01134,2025-02-15 14:00,Grade_A,Line_2,day,228.04,18.33,57.22,0.832,6.87,41.0,1184.0,16.04,88.19,256.9,0.164,1.054,high_load
B01254,2025-06-23 08:00,Grade_B,Line_1,day,179.45,10.89,43.71,0.534,6.82,51.7,1167.1,8.39,79.18,244.3,0.347,1.324,catalyst_fade
B01087,2025-01-24 16:00,Grade_A,Line_1,day,196.48,15.23,50.45,0.947,7.29,18.4,1035.7,11.08,97.72,213.2,0.107,0.886,normal
B01344,2025-09-01 14:00,Grade_C,Line_3,day,174.06,8.94,26.51,0.553,6.79,90.9,871.2,4.97,81.47,184.9,0.473,1.575,startup_transition
B01246,2025-06-15 18:00,Grade_B,Line_1,day,189.09,11.1,43.24,0.551,6.64,40.6,1056.1,8.12,83.94,254.2,0.394,1.326,catalyst_fade
B01035,2025-11-28 00:00,Grade_A,Line_1,night,197.25,14.88,47.05,0.928,7.13,23.3,1053.9,12.42,95.04,189.9,0.144,1.003,normal
B01237,2025-06-06 00:00,Grade_B,Line_1,night,184.3,10.9,37.69,0.462,6.73,65.0,1067.1,8.03,83.41,317.7,0.338,1.316,catalyst_fade
B01113,2025-02-22 22:00,Grade_A,Line_1,night,204.78,14.17,44.53,0.918,6.91,14.1,1060.6,13.6,95.33,185.0,0.117,1.028,normal
B01133,2025-02-14 16:00,Grade_A,Line_2,day,221.87,16.07,59.31,0.764,6.75,27.7,1356.7,16.62,91.78,235.8,0.185,1.181,high_load
B01069,2025-12-06 06:00,Grade_A,Line_1,day,202.98,13.86,44.88,0.891,6.84,24.1,1097.8,11.9,97.85,207.6,0.126,0.91,normal
B01135,2025-02-16 18:00,Grade_A,Line_2,day,220.47,17.65,57.65,0.815,6.87,31.8,1345.1,16.18,92.23,231.1,0.223,1.25,high_load
B01097,2025-01-06 16:00,Grade_A,Line_1,day,186.53,15.46,50.55,0.9,7.1,15.9,1019.8,13.38,97.58,198.0,0.161,0.98,normal
B01340,2025-09-25 06:00,Grade_C,Line_3,day,145.33,11.88,20.33,0.744,6.28,58.8,878.9,4.03,66.53,150.9,0.354,1.468,startup_transition
B01064,2025-12-01 18:00,Grade_A,Line_1,day,199.89,14.82,50.11,0.87,7.2,22.0,1096.5,12.49,94.15,200.1,0.139,1.024,normal
B01128,2025-02-09 10:00,Grade_A,Line_2,day,230.34,19.74,64.37,0.775,6.6,44.9,1257.4,16.64,90.98,205.4,0.201,1.141,high_load
B01224,2025-05-21 14:00,Grade_B,Line_1,day,194.48,10.4,41.57,0.503,6.77,76.3,1061.2,9.99,80.19,307.7,0.379,1.256,catalyst_fade
B01145,2025-03-26 10:00,Grade_A,Line_2,day,221.94,19.74,55.09,0.8,6.77,26.7,1225.8,15.75,91.44,215.7,0.197,1.097,high_load
B01250,2025-06-19 18:00,Grade_B,Line_1,day,186.23,12.38,37.83,0.587,6.54,50.1,1105.3,7.98,80.77,292.5,0.41,1.345,catalyst_fade
B01195,2025-04-20 00:00,Grade_A,Line_2,night,218.18,16.01,65.06,0.845,6.94,31.5,1302.8,15.07,88.38,232.1,0.178,1.136,high_load
B01332,2025-09-17 14:00,Grade_C,Line_3,day,150.97,10.61,30.66,0.671,6.4,112.1,940.6,7.76,77.71,181.3,0.413,1.367,startup_transition
B01253,2025-06-22 16:00,Grade_B,Line_1,day,191.91,13.36,43.76,0.486,6.27,40.8,1101.7,9.43,85.63,254.6,0.356,1.251,catalyst_fade
B01071,2025-12-08 06:00,Grade_A,Line_1,day,203.21,14.98,50.33,0.937,7.27,11.9,1064.3,11.66,94.76,190.0,0.156,1.003,normal
B01223,2025-05-20 00:00,Grade_B,Line_1,night,181.88,12.26,38.22,0.504,6.22,61.9,1055.9,9.43,80.81,304.7,0.314,1.257,catalyst_fade
B01066,2025-12-03 18:00,Grade_A,Line_1,day,202.05,15.44,45.8,0.861,7.23,20.9,1077.0,11.11,94.27,205.2,0.172,1.049,normal
B01166,2025-03-19 16:00,Grade_A,Line_2,day,230.38,17.07,60.16,0.798,6.74,34.1,1377.8,14.68,92.1,250.9,0.235,1.222,high_load
B01156,2025-03-09 10:00,Grade_A,Line_2,day,225.65,17.71,61.44,0.876,7.06,36.8,1330.7,14.96,90.5,209.0,0.199,1.201,high_load
B01284,2025-07-25 18:00,Grade_B,Line_1,day,190.1,12.19,41.03,0.605,6.88,48.2,1085.5,9.05,79.87,253.9,0.323,1.263,catalyst_fade
B01184,2025-04-09 22:00,Grade_A,Line_2,night,219.89,18.95,66.48,0.808,6.76,20.1,1199.4,14.84,92.22,247.8,0.225,1.21,high_load
B01302,2025-08-15 10:00,Grade_B,Line_1,day,189.72,11.93,38.59,0.494,6.54,37.8,1123.9,7.13,80.07,312.6,0.292,1.291,catalyst_fade
B01377,2025-10-06 16:00,Grade_C,Line_3,day,155.38,11.54,31.61,0.607,6.17,70.6,965.4,6.76,80.36,177.8,0.462,1.336,startup_transition
B01185,2025-04-10 10:00,Grade_A,Line_2,day,219.14,16.79,56.48,0.837,6.79,44.1,1222.1,15.17,90.36,206.9,0.196,1.142,high_load
B01011,2025-10-04 06:00,Grade_A,Line_1,day,189.82,14.27,42.79,0.915,7.29,24.6,1015.9,11.38,96.64,217.9,0.097,0.956,normal
B01249,2025-06-18 16:00,Grade_B,Line_1,day,189.25,12.84,37.75,0.629,6.8,55.7,1093.6,7.91,83.21,289.9,0.337,1.152,catalyst_fade
B01107,2025-01-16 08:00,Grade_A,Line_1,day,192.5,12.11,51.31,0.929,7.19,21.5,944.8,11.86,97.32,207.8,0.094,0.991,normal
B01198,2025-04-23 18:00,Grade_A,Line_2,day,216.26,17.49,66.75,0.772,6.74,27.6,1310.9,14.7,91.93,242.2,0.15,1.145,high_load
B01208,2025-05-05 16:00,Grade_A,Line_2,day,214.17,16.51,65.15,0.785,7.03,39.3,1156.8,16.42,89.63,203.8,0.243,1.165,high_load
B01136,2025-02-17 00:00,Grade_A,Line_2,night,223.14,17.26,57.25,0.869,6.71,28.9,1327.6,16.16,91.86,241.6,0.229,1.088,high_load
B01083,2025-01-20 16:00,Grade_A,Line_1,day,197.49,14.34,49.12,0.87,7.16,13.0,1011.0,12.29,97.17,184.6,0.145,1.026,normal
B01010,2025-10-03 14:00,Grade_A,Line_1,day,188.06,15.05,47.39,0.921,7.12,8.0,978.3,11.06,97.72,215.1,0.163,0.912,normal
B01002,2025-10-23 14:00,Grade_A,Line_1,day,199.32,14.81,46.2,0.878,6.97,22.8,1056.6,11.48,95.69,191.1,0.102,1.003,normal
B01245,2025-06-14 10:00,Grade_B,Line_1,day,176.31,12.84,39.03,0.606,6.57,60.6,1084.7,9.63,80.01,244.6,0.227,1.165,catalyst_fade
B01384,2025-11-13 10:00,Grade_C,Line_3,day,173.82,11.0,25.4,0.557,6.77,72.6,961.6,7.28,77.89,200.6,0.316,1.488,startup_transition
B01086,2025-01-23 22:00,Grade_A,Line_1,night,202.36,14.88,51.68,0.898,7.01,17.8,958.3,12.97,94.9,184.3,0.165,0.924,normal
B01121,2025-02-02 18:00,Grade_A,Line_2,day,221.69,19.93,56.69,0.865,6.54,30.0,1314.9,15.44,90.46,224.6,0.225,1.075,high_load
B01214,2025-05-11 14:00,Grade_A,Line_2,day,223.25,16.95,61.4,0.758,7.1,37.8,1171.4,16.76,93.38,231.2,0.241,1.124,high_load
B01371,2025-10-28 10:00,Grade_C,Line_3,day,162.97,10.26,22.37,0.564,6.53,100.4,833.1,7.36,67.47,151.8,0.38,1.689,startup_transition
B01244,2025-06-13 00:00,Grade_B,Line_1,night,190.48,11.28,42.29,0.571,6.26,54.9,1232.7,8.22,82.84,281.3,0.295,1.167,catalyst_fade
B01351,2025-10-08 14:00,Grade_C,Line_3,day,162.95,11.71,32.48,0.644,6.64,75.3,933.8,7.56,78.97,197.7,0.315,1.547,startup_transition
B01289,2025-07-02 18:00,Grade_B,Line_1,day,185.29,12.03,39.87,0.509,6.66,49.4,1066.5,7.29,87.72,301.9,0.327,1.338,catalyst_fade
B01169,2025-03-22 06:00,Grade_A,Line_2,day,234.04,18.35,64.78,0.843,6.74,21.9,1187.4,14.72,93.01,223.3,0.267,1.116,high_load
B01380,2025-11-09 10:00,Grade_C,Line_3,day,153.25,9.52,31.52,0.732,6.57,96.2,827.0,7.48,68.04,192.7,0.405,1.424,startup_transition
B01390,2025-11-19 00:00,Grade_C,Line_3,night,167.44,9.66,31.14,0.717,6.3,100.7,856.8,6.14,68.54,191.1,0.5,1.655,startup_transition
B01220,2025-05-17 08:00,Grade_A,Line_2,day,214.94,18.58,65.52,0.762,7.01,40.2,1178.2,16.83,88.3,255.4,0.206,1.195,high_load
B01261,2025-07-02 06:00,Grade_B,Line_1,day,186.88,10.19,36.08,0.617,6.23,40.2,1138.9,7.37,80.53,296.1,0.261,1.356,catalyst_fade
B01372,2025-10-01 22:00,Grade_C,Line_3,night,150.62,10.98,32.33,0.677,6.74,60.6,833.8,4.53,65.45,209.2,0.454,1.542,startup_transition
B01070,2025-12-07 22:00,Grade_A,Line_1,night,202.07,12.43,45.81,0.867,6.98,19.9,923.9,13.49,95.58,180.3,0.167,1.006,normal
B01279,2025-07-20 14:00,Grade_B,Line_1,day,179.02,12.5,37.91,0.519,6.67,79.2,1180.0,9.87,83.04,295.5,0.284,1.185,catalyst_fade
B01110,2025-02-19 08:00,Grade_A,Line_1,day,195.47,13.44,51.53,0.891,7.27,16.6,923.7,13.62,94.17,195.5,0.117,0.999,normal
B01052,2025-12-17 16:00,Grade_A,Line_1,day,186.7,12.99,47.58,0.874,7.16,18.5,1059.6,12.14,97.63,191.9,0.139,0.936,normal
B01049,2025-11-14 14:00,Grade_A,Line_1,day,191.31,14.97,51.51,0.91,6.91,20.6,969.8,12.77,97.04,203.9,0.178,1.017,normal
B01271,2025-07-12 00:00,Grade_B,Line_1,night,192.39,10.3,39.92,0.498,6.88,37.3,1094.5,8.93,82.03,258.8,0.312,1.39,catalyst_fade
B01196,2025-04-21 14:00,Grade_A,Line_2,day,222.37,17.29,58.69,0.821,6.58,41.3,1331.3,16.68,92.57,202.8,0.231,1.217,high_load
B01304,2025-08-17 08:00,Grade_B,Line_1,day,185.33,11.51,44.07,0.553,6.45,74.0,1147.4,8.45,84.04,280.1,0.248,1.2,catalyst_fade
B01387,2025-11-16 14:00,Grade_C,Line_3,day,164.8,11.92,20.02,0.555,6.63,58.3,952.7,7.2,81.98,174.8,0.383,1.524,startup_transition
B01132,2025-02-13 00:00,Grade_A,Line_2,night,213.72,19.57,56.82,0.871,6.69,29.8,1291.8,16.53,91.56,230.4,0.216,1.148,high_load
B01222,2025-05-19 00:00,Grade_B,Line_1,night,176.22,11.12,36.37,0.49,6.82,58.7,1176.2,9.41,85.95,319.2,0.376,1.258,catalyst_fade
B01238,2025-06-07 22:00,Grade_B,Line_1,night,191.37,11.67,40.36,0.623,6.53,74.7,1145.3,7.24,87.03,297.1,0.32,1.42,catalyst_fade
B01031,2025-11-24 10:00,Grade_A,Line_1,day,197.31,13.2,47.48,0.82,6.97,15.3,1024.4,12.96,95.86,197.7,0.101,0.945,normal
B01004,2025-10-25 18:00,Grade_A,Line_1,day,196.55,14.82,42.46,0.85,6.97,9.4,961.9,11.3,95.11,205.4,0.116,0.924,normal
B01231,2025-06-28 18:00,Grade_B,Line_1,day,183.93,11.06,37.5,0.464,6.38,39.9,1050.3,8.16,85.33,317.5,0.397,1.298,catalyst_fade
B01252,2025-06-21 22:00,Grade_B,Line_1,night,183.09,12.95,40.83,0.649,6.77,50.4,1192.7,9.06,84.38,278.1,0.408,1.258,catalyst_fade
B01188,2025-04-13 18:00,Grade_A,Line_2,day,233.8,17.94,57.54,0.8,6.84,36.3,1244.1,15.48,92.26,226.6,0.172,1.163,high_load
B01280,2025-07-21 18:00,Grade_B,Line_1,day,186.25,12.33,44.43,0.592,6.67,75.2,1156.8,9.63,82.22,241.0,0.241,1.264,catalyst_fade
B01209,2025-05-06 08:00,Grade_A,Line_2,day,222.4,18.04,55.72,0.862,6.6,23.9,1327.9,16.68,92.04,206.9,0.246,1.051,high_load
B01272,2025-07-13 00:00,Grade_B,Line_1,night,176.76,11.99,38.16,0.646,6.72,35.8,1130.7,7.11,83.49,306.1,0.378,1.439,catalyst_fade
B01072,2025-12-09 10:00,Grade_A,Line_1,day,197.56,15.61,48.46,0.86,7.06,17.9,1051.8,11.27,95.18,209.9,0.098,0.876,normal
B01091,2025-01-28 14:00,Grade_A,Line_1,day,191.03,12.84,43.37,0.853,7.0,8.1,1054.5,11.53,95.52,208.1,0.13,1.017,normal
B01285,2025-07-26 22:00,Grade_B,Line_1,night,180.58,11.06,36.61,0.619,6.2,56.0,1237.5,7.12,87.29,287.8,0.375,1.338,catalyst_fade
B01014,2025-10-07 10:00,Grade_A,Line_1,day,199.47,15.53,47.76,0.852,7.08,14.9,937.0,12.98,95.42,196.4,0.166,0.861,normal
B01095,2025-01-04 14:00,Grade_A,Line_1,day,188.47,12.61,49.59,0.83,7.37,18.7,1003.5,12.69,96.32,207.2,0.168,0.979,normal
B01157,2025-03-10 00:00,Grade_A,Line_2,night,216.02,16.9,66.15,0.769,6.78,21.4,1244.9,15.25,91.18,223.3,0.183,1.116,high_load
B01076,2025-12-13 16:00,Grade_A,Line_1,day,197.98,12.47,42.45,0.825,7.4,10.0,962.3,12.61,95.55,194.8,0.175,0.989,normal
B01310,2025-08-23 10:00,Grade_B,Line_1,day,193.04,12.16,35.01,0.638,6.67,54.4,1134.1,9.62,84.98,274.3,0.408,1.295,catalyst_fade
B01315,2025-08-28 06:00,Grade_C,Line_3,day,145.63,11.86,20.08,0.568,6.15,114.8,878.4,4.26,68.77,154.8,0.309,1.454,startup_transition
B01218,2025-05-15 18:00,Grade_A,Line_2,day,219.91,16.2,58.88,0.857,6.6,43.8,1346.6,15.67,91.3,205.7,0.163,1.209,high_load
B01330,2025-09-15 08:00,Grade_C,Line_3,day,152.29,10.72,29.08,0.665,6.65,87.7,976.3,5.14,70.53,180.6,0.494,1.479,startup_transition
B01328,2025-09-13 10:00,Grade_C,Line_3,day,156.55,8.04,26.32,0.577,6.89,94.1,896.1,5.26,73.27,165.1,0.515,1.319,startup_transition
B01089,2025-01-26 10:00,Grade_A,Line_1,day,192.4,14.89,49.77,0.894,6.85,8.9,948.3,12.85,96.7,190.9,0.146,0.947,normal
B01187,2025-04-12 10:00,Grade_A,Line_2,day,224.37,17.69,61.33,0.82,7.05,43.3,1189.8,14.5,89.73,211.2,0.259,1.174,high_load
B01206,2025-05-03 14:00,Grade_A,Line_2,day,234.36,16.62,59.25,0.826,6.96,36.2,1297.9,14.93,90.62,257.2,0.181,1.099,high_load
B01327,2025-09-12 22:00,Grade_C,Line_3,night,149.79,8.72,21.97,0.665,6.23,57.0,848.6,4.94,72.35,172.9,0.336,1.684,startup_transition
B01082,2025-01-19 16:00,Grade_A,Line_1,day,194.16,15.86,42.61,0.882,7.04,19.7,1008.2,13.73,94.29,183.2,0.141,0.863,normal
B01298,2025-08-11 06:00,Grade_B,Line_1,day,181.26,13.14,42.12,0.578,6.39,51.2,1185.9,7.99,82.8,275.6,0.375,1.296,catalyst_fade
B01339,2025-09-24 16:00,Grade_C,Line_3,day,149.96,10.97,32.13,0.633,6.85,62.8,852.1,6.55,75.5,166.3,0.456,1.375,startup_transition
B01115,2025-02-24 16:00,Grade_A,Line_1,day,191.42,12.32,48.61,0.86,7.16,15.2,1044.2,12.05,94.17,214.8,0.115,1.05,normal
B01100,2025-01-09 10:00,Grade_A,Line_1,day,191.67,14.33,43.41,0.865,7.38,19.9,990.6,12.79,97.75,192.4,0.118,1.008,normal
B01075,2025-12-12 22:00,Grade_A,Line_1,night,201.45,15.76,43.08,0.85,6.82,23.0,1021.1,13.75,94.89,182.5,0.162,1.032,normal
B01205,2025-05-02 06:00,Grade_A,Line_2,day,233.72,17.59,58.72,0.843,6.96,30.6,1242.5,15.92,91.23,209.2,0.161,1.066,high_load
B01116,2025-02-25 16:00,Grade_A,Line_1,day,197.79,15.17,42.57,0.907,7.04,16.7,1055.0,11.48,94.12,213.9,0.148,0.938,normal
B01039,2025-11-04 22:00,Grade_A,Line_1,night,199.48,15.36,51.2,0.947,7.12,23.4,1026.5,12.99,94.34,197.1,0.167,0.886,normal
B01038,2025-11-03 16:00,Grade_A,Line_1,day,200.07,15.41,51.53,0.874,7.25,17.3,1028.6,11.66,94.88,197.4,0.083,0.917,normal
B01001,2025-10-22 08:00,Grade_A,Line_1,day,185.5,13.1,44.23,0.916,7.21,23.2,935.6,12.27,94.12,188.7,0.131,0.855,normal
B01149,2025-03-02 14:00,Grade_A,Line_2,day,227.92,17.96,66.69,0.808,6.53,23.3,1245.5,15.69,91.35,240.4,0.19,1.054,high_load
B01036,2025-11-01 00:00,Grade_A,Line_1,night,197.53,13.1,42.77,0.857,6.96,13.4,1017.2,11.42,94.93,207.8,0.151,0.863,normal
B01056,2025-12-21 16:00,Grade_A,Line_1,day,195.01,13.98,42.8,0.825,7.06,13.5,965.1,11.27,97.85,213.4,0.138,1.04,normal
B01323,2025-09-08 14:00,Grade_C,Line_3,day,169.22,11.35,25.34,0.706,6.12,55.5,972.0,5.97,65.11,201.4,0.539,1.639,startup_transition
B01386,2025-11-15 16:00,Grade_C,Line_3,day,154.95,11.39,23.89,0.665,6.62,114.9,910.6,5.99,77.4,179.9,0.502,1.653,startup_transition
B01127,2025-02-08 10:00,Grade_A,Line_2,day,229.02,18.06,56.38,0.781,6.57,31.2,1182.4,14.15,93.67,251.8,0.204,1.243,high_load
B01256,2025-06-25 00:00,Grade_B,Line_1,night,177.86,13.45,36.8,0.466,6.43,79.4,1112.7,7.17,82.52,256.8,0.375,1.323,catalyst_fade
B01346,2025-09-03 10:00,Grade_C,Line_3,day,157.07,9.27,28.38,0.679,6.35,112.4,932.0,4.09,71.42,193.5,0.363,1.316,startup_transition
B01173,2025-04-26 10:00,Grade_A,Line_2,day,220.77,18.23,61.66,0.763,6.55,33.9,1287.3,16.35,93.18,200.7,0.204,1.206,high_load
B01368,2025-10-25 06:00,Grade_C,Line_3,day,152.14,9.41,29.38,0.597,6.98,85.1,946.1,6.5,79.94,203.4,0.504,1.312,startup_transition
B01154,2025-03-07 08:00,Grade_A,Line_2,day,224.85,17.79,63.74,0.863,6.65,21.1,1251.0,15.62,92.53,246.6,0.168,1.249,high_load
B01018,2025-10-11 06:00,Grade_A,Line_1,day,199.96,12.23,47.84,0.885,7.31,10.7,1092.9,11.24,94.74,203.8,0.148,0.897,normal
B01216,2025-05-13 18:00,Grade_A,Line_2,day,217.95,17.09,55.97,0.776,6.97,34.6,1185.7,14.49,90.8,224.4,0.22,1.243,high_load
B01347,2025-09-04 00:00,Grade_C,Line_3,night,159.57,10.17,27.35,0.663,6.54,72.7,884.3,7.47,75.18,201.6,0.34,1.512,startup_transition
B01046,2025-11-11 00:00,Grade_A,Line_1,night,189.88,13.86,48.1,0.869,6.82,22.5,952.7,11.64,97.19,193.6,0.168,0.99,normal
B01114,2025-02-23 00:00,Grade_A,Line_1,night,202.89,13.55,51.74,0.885,7.1,23.7,1013.5,13.4,96.91,183.2,0.14,1.014,normal
B01025,2025-11-18 08:00,Grade_A,Line_1,day,192.07,14.24,50.75,0.947,7.25,23.7,962.6,11.49,97.2,187.1,0.121,0.886,normal
B01215,2025-05-12 08:00,Grade_A,Line_2,day,224.52,18.02,63.28,0.801,6.86,21.6,1302.4,14.39,89.75,251.1,0.27,1.129,high_load
B01211,2025-05-08 18:00,Grade_A,Line_2,day,216.78,16.31,59.85,0.815,7.04,24.5,1335.0,16.94,93.72,204.1,0.21,1.106,high_load
B01213,2025-05-10 14:00,Grade_A,Line_2,day,213.76,19.73,55.31,0.82,6.88,37.3,1152.2,15.01,92.55,222.6,0.246,1.112,high_load
B01153,2025-03-06 14:00,Grade_A,Line_2,day,216.19,17.38,58.58,0.872,6.94,22.8,1336.2,15.26,92.6,253.0,0.152,1.091,high_load
B01189,2025-04-14 14:00,Grade_A,Line_2,day,217.3,17.1,61.99,0.772,6.77,38.6,1326.2,15.65,88.68,206.9,0.251,1.215,high_load
B01030,2025-11-23 18:00,Grade_A,Line_1,day,197.46,14.65,43.25,0.937,7.1,19.3,978.7,13.09,96.22,187.7,0.146,0.926,normal
B01247,2025-06-16 18:00,Grade_B,Line_1,day,181.88,13.35,37.59,0.616,6.26,36.2,1059.9,9.56,85.8,257.1,0.264,1.218,catalyst_fade
B01312,2025-08-25 16:00,Grade_C,Line_3,day,146.62,10.84,31.84,0.666,6.12,50.5,917.8,6.75,70.37,171.7,0.339,1.561,startup_transition
B01355,2025-10-12 16:00,Grade_C,Line_3,day,152.6,9.81,34.4,0.55,6.03,69.9,802.9,4.54,80.14,150.4,0.546,1.386,startup_transition
B01172,2025-04-25 08:00,Grade_A,Line_2,day,212.05,16.62,64.25,0.832,6.94,27.9,1174.5,14.02,89.85,221.6,0.185,1.077,high_load
B01170,2025-04-23 10:00,Grade_A,Line_2,day,229.76,18.76,56.02,0.847,6.71,22.4,1203.4,14.23,91.63,236.8,0.227,1.244,high_load
B01382,2025-11-11 14:00,Grade_C,Line_3,day,160.61,9.9,26.15,0.566,6.6,67.1,898.5,6.48,74.48,199.5,0.312,1.359,startup_transition
B01307,2025-08-20 22:00,Grade_B,Line_1,night,186.99,12.25,35.19,0.594,6.66,47.8,1067.1,8.35,87.93,309.4,0.254,1.399,catalyst_fade
B01190,2025-04-15 18:00,Grade_A,Line_2,day,223.55,19.03,64.88,0.807,6.63,30.6,1319.3,15.96,89.49,252.5,0.154,1.103,high_load
B01306,2025-08-19 10:00,Grade_B,Line_1,day,187.95,11.64,37.44,0.476,6.61,41.1,1152.5,9.67,79.47,253.3,0.404,1.305,catalyst_fade
B01356,2025-10-13 18:00,Grade_C,Line_3,day,140.76,11.29,30.35,0.605,6.55,88.9,966.7,4.62,65.64,171.3,0.335,1.447,startup_transition
B01290,2025-08-03 14:00,Grade_B,Line_1,day,188.41,13.09,43.65,0.535,6.27,59.2,1190.5,9.93,85.75,291.7,0.408,1.374,catalyst_fade
B01112,2025-02-21 00:00,Grade_A,Line_1,night,204.62,13.91,43.82,0.838,7.23,24.0,926.7,11.6,97.16,215.4,0.112,0.912,normal
B01361,2025-10-18 22:00,Grade_C,Line_3,night,157.56,11.1,21.96,0.577,6.56,84.2,917.4,4.78,75.47,194.1,0.362,1.329,startup_transition
B01348,2025-09-05 00:00,Grade_C,Line_3,night,150.35,9.05,25.51,0.55,6.64,76.5,833.4,4.07,79.57,196.6,0.36,1.588,startup_transition
B01178,2025-04-03 16:00,Grade_A,Line_2,day,230.78,16.28,66.02,0.853,6.9,23.5,1219.7,14.76,88.92,225.4,0.199,1.14,high_load
B01054,2025-12-19 16:00,Grade_A,Line_1,day,185.65,13.15,44.83,0.932,6.84,12.0,967.6,13.37,96.36,212.2,0.1,0.873,normal
B01288,2025-07-01 14:00,Grade_B,Line_1,day,193.09,12.45,41.21,0.642,6.68,49.4,1233.2,9.83,81.86,283.2,0.277,1.423,catalyst_fade
B01363,2025-10-20 00:00,Grade_C,Line_3,night,161.81,9.76,33.86,0.597,6.69,60.9,931.1,4.34,77.57,164.6,0.455,1.359,startup_transition
B01313,2025-08-26 16:00,Grade_C,Line_3,day,149.15,10.14,28.47,0.672,6.99,77.8,836.7,6.21,74.48,160.7,0.44,1.494,startup_transition
B01124,2025-02-05 16:00,Grade_A,Line_2,day,225.36,16.37,63.33,0.827,6.85,24.3,1293.6,16.71,90.03,255.4,0.155,1.223,high_load
B01338,2025-09-23 22:00,Grade_C,Line_3,night,170.88,9.75,23.75,0.693,6.65,108.0,839.7,4.32,75.63,181.0,0.5,1.545,startup_transition
B01303,2025-08-16 00:00,Grade_B,Line_1,night,192.63,10.16,41.49,0.471,6.88,63.5,1104.7,9.23,83.79,285.6,0.295,1.264,catalyst_fade
B01063,2025-12-28 10:00,Grade_A,Line_1,day,193.93,13.94,45.32,0.919,7.03,23.9,1076.5,13.94,94.96,195.3,0.166,0.932,normal
B01258,2025-06-27 18:00,Grade_B,Line_1,day,190.14,12.12,35.18,0.451,6.71,45.2,1225.4,7.94,79.03,280.3,0.281,1.17,catalyst_fade
B01062,2025-12-27 10:00,Grade_A,Line_1,day,202.28,13.1,49.9,0.874,7.36,16.6,1067.7,11.85,95.19,203.5,0.18,0.948,normal
B01297,2025-08-10 14:00,Grade_B,Line_1,day,177.0,12.48,44.0,0.514,6.52,62.7,1111.1,8.75,83.66,269.2,0.283,1.278,catalyst_fade
B01152,2025-03-05 18:00,Grade_A,Line_2,day,212.97,19.97,60.11,0.767,7.09,40.9,1323.9,16.94,90.78,243.1,0.205,1.126,high_load
B01314,2025-08-27 16:00,Grade_C,Line_3,day,160.22,11.1,25.97,0.578,6.86,58.3,841.4,7.13,81.14,156.0,0.427,1.614,startup_transition
B01227,2025-05-24 18:00,Grade_B,Line_1,day,176.19,10.59,42.05,0.478,6.28,58.7,1123.0,7.22,85.05,293.0,0.337,1.251,catalyst_fade
B01137,2025-02-18 14:00,Grade_A,Line_2,day,216.98,17.19,67.24,0.878,6.96,37.6,1308.8,15.47,90.88,233.6,0.271,1.194,high_load
B01078,2025-12-15 18:00,Grade_A,Line_1,day,186.99,14.74,47.44,0.947,7.02,14.8,954.2,11.37,97.39,198.2,0.146,0.978,normal
B01203,2025-05-28 14:00,Grade_A,Line_2,day,228.7,17.18,55.71,0.867,7.07,32.4,1175.9,15.5,91.56,231.7,0.277,1.247,high_load
B01335,2025-09-20 18:00,Grade_C,Line_3,day,170.11,9.3,27.14,0.745,6.54,69.1,880.1,7.88,76.86,160.6,0.449,1.552,startup_transition
B01167,2025-03-20 06:00,Grade_A,Line_2,day,212.34,17.52,62.19,0.757,6.51,24.3,1265.0,15.3,92.71,234.0,0.262,1.069,high_load
B01143,2025-03-24 18:00,Grade_A,Line_2,day,217.11,19.96,62.06,0.814,7.06,41.3,1257.6,14.58,88.68,209.7,0.21,1.101,high_load
B01334,2025-09-19 08:00,Grade_C,Line_3,day,143.64,10.47,21.26,0.736,6.39,66.1,932.8,5.77,67.15,181.6,0.343,1.314,startup_transition
B01275,2025-07-16 10:00,Grade_B,Line_1,day,191.44,12.97,39.09,0.501,6.34,40.4,1220.4,7.65,86.25,255.2,0.288,1.377,catalyst_fade
B01204,2025-05-01 18:00,Grade_A,Line_2,day,213.3,19.44,62.39,0.798,6.91,39.1,1369.5,16.31,88.1,204.1,0.184,1.058,high_load
B01343,2025-09-28 00:00,Grade_C,Line_3,night,153.62,11.84,34.04,0.582,6.73,102.1,898.9,4.49,73.18,167.9,0.39,1.321,startup_transition
B01210,2025-05-07 06:00,Grade_A,Line_2,day,216.11,17.89,59.98,0.77,7.06,41.4,1277.2,16.74,92.44,225.2,0.192,1.133,high_load
B01354,2025-10-11 00:00,Grade_C,Line_3,night,172.67,11.61,28.25,0.749,6.84,78.9,914.0,7.3,70.5,164.4,0.436,1.45,startup_transition
B01027,2025-11-20 18:00,Grade_A,Line_1,day,191.1,15.18,44.28,0.823,6.92,13.6,1075.6,13.9,95.12,205.7,0.12,1.046,normal
B01131,2025-02-12 08:00,Grade_A,Line_2,day,219.85,19.18,59.41,0.872,6.95,25.0,1267.1,15.5,88.27,208.2,0.193,1.145,high_load
B01033,2025-11-26 08:00,Grade_A,Line_1,day,194.11,15.54,47.76,0.913,7.03,14.8,946.6,13.06,97.57,214.4,0.169,1.006,normal
B01148,2025-03-01 08:00,Grade_A,Line_2,day,223.14,18.11,59.7,0.869,6.57,40.7,1357.7,14.61,91.22,209.9,0.261,1.138,high_load
B01359,2025-10-16 14:00,Grade_C,Line_3,day,166.17,11.4,33.93,0.677,6.63,53.8,894.4,5.28,74.6,169.6,0.474,1.361,startup_transition
B01270,2025-07-11 22:00,Grade_B,Line_1,night,188.23,10.99,38.46,0.585,6.47,72.8,1161.7,9.96,78.55,291.5,0.251,1.405,catalyst_fade
B01276,2025-07-17 06:00,Grade_B,Line_1,day,193.53,13.35,40.89,0.604,6.52,64.6,1241.2,7.4,82.99,282.4,0.23,1.431,catalyst_fade
B01291,2025-08-04 10:00,Grade_B,Line_1,day,175.48,12.87,35.38,0.465,6.32,46.3,1064.1,9.46,87.11,272.6,0.31,1.271,catalyst_fade
B01044,2025-11-09 18:00,Grade_A,Line_1,day,195.65,14.65,42.69,0.904,6.81,15.1,1008.2,12.3,95.45,215.7,0.126,0.881,normal
B01217,2025-05-14 14:00,Grade_A,Line_2,day,221.3,17.85,66.08,0.762,6.98,27.6,1312.1,15.81,89.29,251.4,0.169,1.192,high_load
B01119,2025-02-28 00:00,Grade_A,Line_1,night,189.0,12.54,42.74,0.842,7.23,25.0,1065.9,13.9,97.95,206.7,0.151,0.96,normal
B01123,2025-02-04 08:00,Grade_A,Line_2,day,222.95,17.22,57.11,0.872,6.64,43.7,1269.3,14.85,88.47,211.8,0.274,1.105,high_load
B01358,2025-10-15 08:00,Grade_C,Line_3,day,160.83,9.2,30.96,0.665,6.08,53.9,938.8,5.39,78.89,175.0,0.517,1.648,startup_transition
B01029,2025-11-22 22:00,Grade_A,Line_1,night,202.99,12.76,42.44,0.877,7.11,21.7,1043.6,13.82,96.95,187.9,0.123,1.04,normal
B01365,2025-10-22 10:00,Grade_C,Line_3,day,164.33,10.67,25.65,0.731,6.53,67.9,810.8,4.8,76.84,166.3,0.416,1.678,startup_transition
B01370,2025-10-27 16:00,Grade_C,Line_3,day,171.84,9.32,28.13,0.591,6.14,87.9,944.0,7.45,70.25,192.3,0.431,1.354,startup_transition
B01301,2025-08-14 16:00,Grade_B,Line_1,day,177.68,12.0,35.91,0.523,6.21,45.7,1242.8,9.95,84.84,300.6,0.248,1.198,catalyst_fade
B01125,2025-02-06 08:00,Grade_A,Line_2,day,211.14,18.57,62.5,0.835,6.96,30.4,1297.0,15.49,91.76,217.4,0.274,1.147,high_load
B01117,2025-02-26 10:00,Grade_A,Line_1,day,186.34,15.11,45.66,0.87,7.14,18.3,1042.2,13.85,95.49,210.5,0.137,0.956,normal
B01084,2025-01-21 14:00,Grade_A,Line_1,day,193.6,15.55,46.14,0.928,7.04,20.4,976.3,11.94,95.02,218.1,0.149,0.945,normal
B01308,2025-08-21 10:00,Grade_B,Line_1,day,190.89,13.28,36.82,0.582,6.39,67.6,1118.5,8.36,83.91,258.4,0.297,1.183,catalyst_fade
B01251,2025-06-20 14:00,Grade_B,Line_1,day,178.0,13.06,44.0,0.611,6.76,62.0,1182.1,9.04,85.21,292.4,0.419,1.228,catalyst_fade
B01202,2025-05-27 10:00,Grade_A,Line_2,day,216.19,18.58,58.23,0.828,6.93,27.1,1366.5,14.08,93.08,252.5,0.177,1.171,high_load
B01381,2025-11-10 00:00,Grade_C,Line_3,night,150.11,8.72,33.48,0.742,6.0,103.6,802.2,5.99,73.48,198.4,0.452,1.497,startup_transition
B01383,2025-11-12 18:00,Grade_C,Line_3,day,141.29,11.42,30.0,0.718,6.3,114.4,808.8,5.67,68.03,190.3,0.453,1.577,startup_transition
B01235,2025-06-04 22:00,Grade_B,Line_1,night,186.44,13.36,36.54,0.522,6.5,48.3,1182.4,8.8,80.0,242.1,0.254,1.238,catalyst_fade
B01295,2025-08-08 08:00,Grade_B,Line_1,day,181.09,12.99,44.04,0.519,6.49,64.1,1152.5,7.48,80.21,306.8,0.259,1.204,catalyst_fade
B01047,2025-11-12 16:00,Grade_A,Line_1,day,196.12,14.07,43.91,0.851,7.04,17.4,963.3,12.43,96.85,197.9,0.082,0.909,normal
B01101,2025-01-10 10:00,Grade_A,Line_1,day,198.4,15.32,49.39,0.909,7.12,19.0,996.2,12.09,95.45,187.2,0.101,1.04,normal
B01094,2025-01-03 14:00,Grade_A,Line_1,day,191.66,12.67,47.1,0.835,7.11,23.4,982.9,13.18,97.28,212.6,0.104,0.879,normal
B01259,2025-06-28 06:00,Grade_B,Line_1,day,180.96,11.16,42.28,0.569,6.44,75.0,1249.1,8.03,87.01,268.7,0.258,1.434,catalyst_fade
B01281,2025-07-22 06:00,Grade_B,Line_1,day,188.41,10.8,42.5,0.482,6.4,46.3,1217.9,9.07,80.95,300.3,0.226,1.394,catalyst_fade
B01374,2025-10-03 10:00,Grade_C,Line_3,day,146.76,8.13,31.47,0.553,6.27,78.9,933.6,7.95,77.88,154.0,0.532,1.694,startup_transition
B01230,2025-06-27 14:00,Grade_B,Line_1,day,187.79,10.42,39.96,0.516,6.25,50.6,1113.9,8.91,87.63,305.7,0.354,1.369,catalyst_fade
B01221,2025-05-18 00:00,Grade_B,Line_1,night,175.59,12.73,36.73,0.493,6.33,47.6,1226.7,7.1,84.19,259.7,0.279,1.274,catalyst_fade
B01300,2025-08-13 06:00,Grade_B,Line_1,day,191.25,12.32,42.69,0.493,6.23,46.7,1228.8,8.62,84.54,251.9,0.298,1.417,catalyst_fade
B01357,2025-10-14 14:00,Grade_C,Line_3,day,148.15,11.24,21.38,0.63,6.92,101.4,930.2,7.17,67.94,199.5,0.472,1.53,startup_transition
B01243,2025-06-12 00:00,Grade_B,Line_1,night,193.42,13.59,35.2,0.613,6.41,47.6,1148.3,9.09,78.98,309.5,0.247,1.442,catalyst_fade
B01331,2025-09-16 08:00,Grade_C,Line_3,day,153.34,9.15,29.48,0.579,6.17,106.5,860.7,6.53,74.72,200.9,0.318,1.365,startup_transition
B01241,2025-06-10 22:00,Grade_B,Line_1,night,177.25,10.6,40.67,0.567,6.88,39.5,1071.1,9.34,85.86,309.4,0.396,1.413,catalyst_fade
B01299,2025-08-12 08:00,Grade_B,Line_1,day,178.52,12.43,43.42,0.622,6.3,59.2,1102.6,9.66,78.76,246.0,0.224,1.302,catalyst_fade
B01342,2025-09-27 22:00,Grade_C,Line_3,night,168.99,8.49,31.52,0.6,6.77,81.0,932.8,4.13,72.83,196.3,0.43,1.693,startup_transition
B01234,2025-06-03 10:00,Grade_B,Line_1,day,187.15,11.74,35.54,0.516,6.88,53.4,1160.8,9.78,83.4,292.8,0.279,1.179,catalyst_fade
B01050,2025-12-15 16:00,Grade_A,Line_1,day,189.55,12.72,42.14,0.889,6.96,24.6,1019.6,13.09,94.51,214.7,0.129,1.025,normal
B01324,2025-09-09 18:00,Grade_C,Line_3,day,161.72,9.97,34.78,0.729,6.87,84.4,977.2,7.66,69.76,163.3,0.444,1.322,startup_transition
B01353,2025-10-10 22:00,Grade_C,Line_3,night,166.11,11.07,28.65,0.685,6.7,79.9,818.7,7.17,74.35,180.3,0.464,1.514,startup_transition
B01337,2025-09-22 10:00,Grade_C,Line_3,day,152.04,9.88,20.12,0.734,6.95,83.4,801.6,5.72,69.98,163.9,0.302,1.449,startup_transition
B01239,2025-06-08 10:00,Grade_B,Line_1,day,177.41,13.03,36.73,0.647,6.88,71.4,1075.2,8.27,87.88,274.8,0.419,1.338,catalyst_fade
B01041,2025-11-06 18:00,Grade_A,Line_1,day,189.48,12.27,51.57,0.825,6.82,12.2,1071.1,12.86,94.95,198.9,0.091,1.04,normal
B01102,2025-01-11 00:00,Grade_A,Line_1,night,188.84,16.0,43.55,0.858,7.27,16.6,1017.2,13.22,96.11,206.5,0.168,0.974,normal
B01325,2025-09-10 22:00,Grade_C,Line_3,night,156.74,10.16,27.54,0.629,6.69,62.2,975.8,6.79,72.82,191.4,0.303,1.384,startup_transition
B01286,2025-07-27 16:00,Grade_B,Line_1,day,184.81,12.29,38.58,0.607,6.42,44.9,1086.8,7.2,83.05,273.3,0.327,1.178,catalyst_fade
B01183,2025-04-08 18:00,Grade_A,Line_2,day,226.2,18.71,57.14,0.878,6.65,24.4,1186.8,15.68,93.75,213.9,0.203,1.087,high_load
B01229,2025-05-26 10:00,Grade_B,Line_1,day,182.57,12.94,37.95,0.486,6.2,66.6,1164.6,9.55,85.71,285.4,0.256,1.245,catalyst_fade
B01092,2025-01-01 18:00,Grade_A,Line_1,day,186.44,15.45,42.42,0.822,7.35,22.7,1023.6,12.72,96.84,196.7,0.092,0.854,normal
B01201,2025-05-26 14:00,Grade_A,Line_2,day,225.7,16.61,60.35,0.839,7.02,22.2,1173.1,16.26,91.54,223.0,0.275,1.113,high_load
B01219,2025-05-16 08:00,Grade_A,Line_2,day,210.3,19.32,67.77,0.767,6.99,29.3,1295.0,15.93,91.49,215.5,0.256,1.054,high_load
B01326,2025-09-11 08:00,Grade_C,Line_3,day,151.39,10.45,23.9,0.66,6.24,83.0,910.4,5.46,73.48,162.6,0.475,1.449,startup_transition
B01028,2025-11-21 18:00,Grade_A,Line_1,day,203.78,12.46,51.7,0.843,7.38,12.5,939.5,12.3,96.91,192.5,0.141,0.952,normal
B01197,2025-04-22 06:00,Grade_A,Line_2,day,213.11,19.43,60.74,0.75,7.07,25.1,1308.4,14.4,91.9,209.5,0.271,1.105,high_load
B01055,2025-12-20 14:00,Grade_A,Line_1,day,197.95,15.63,50.27,0.829,6.9,13.2,1054.8,12.71,95.15,185.0,0.149,0.99,normal
B01294,2025-08-07 10:00,Grade_B,Line_1,day,180.96,13.55,44.65,0.623,6.65,78.1,1052.2,9.62,79.41,243.3,0.335,1.268,catalyst_fade
B01242,2025-06-11 16:00,Grade_B,Line_1,day,182.66,11.94,41.09,0.457,6.39,41.5,1171.7,9.08,78.39,311.2,0.286,1.221,catalyst_fade
B01015,2025-10-08 08:00,Grade_A,Line_1,day,186.21,14.91,50.01,0.834,6.91,17.1,945.2,11.55,95.85,215.0,0.088,1.012,normal
B01067,2025-12-04 08:00,Grade_A,Line_1,day,193.68,12.39,48.34,0.933,7.07,19.8,1082.6,11.14,97.18,191.7,0.117,0.879,normal
B01026,2025-11-19 18:00,Grade_A,Line_1,day,200.65,13.65,48.7,0.916,6.95,10.7,1046.2,12.15,94.15,198.8,0.1,1.034,normal
B01352,2025-10-09 06:00,Grade_C,Line_3,day,165.7,11.34,21.17,0.593,6.52,57.1,841.6,5.54,68.28,189.4,0.443,1.679,startup_transition
B01277,2025-07-18 00:00,Grade_B,Line_1,night,193.49,13.12,44.1,0.588,6.32,71.7,1070.7,8.97,84.06,265.7,0.396,1.276,catalyst_fade
B01385,2025-11-14 08:00,Grade_C,Line_3,day,164.31,9.1,27.91,0.655,6.7,92.8,819.7,6.92,75.69,209.2,0.421,1.575,startup_transition
B01317,2025-08-02 06:00,Grade_C,Line_3,day,167.44,10.04,30.48,0.673,6.67,75.2,917.9,7.9,66.48,166.6,0.4,1.568,startup_transition
B01037,2025-11-02 22:00,Grade_A,Line_1,night,191.62,13.86,42.62,0.928,7.03,21.1,1090.3,11.06,97.52,203.0,0.128,1.039,normal
B01088,2025-01-25 16:00,Grade_A,Line_1,day,203.43,13.4,43.81,0.839,7.19,9.2,1053.4,13.92,94.37,201.2,0.118,0.941,normal
B01126,2025-02-07 22:00,Grade_A,Line_2,night,217.44,16.29,55.78,0.807,6.79,25.1,1289.5,14.94,92.31,244.1,0.262,1.245,high_load
B01146,2025-03-27 08:00,Grade_A,Line_2,day,221.63,16.64,63.92,0.87,7.03,39.2,1308.8,15.92,93.64,222.1,0.179,1.241,high_load
B01073,2025-12-10 18:00,Grade_A,Line_1,day,195.62,15.65,50.3,0.853,7.29,16.2,1065.2,13.24,95.35,184.6,0.176,0.878,normal
B01139,2025-02-20 16:00,Grade_A,Line_2,day,228.68,16.86,65.76,0.785,6.84,26.8,1175.1,16.22,89.44,203.0,0.268,1.095,high_load
B01309,2025-08-22 14:00,Grade_B,Line_1,day,185.45,13.64,41.84,0.615,6.62,43.0,1230.3,8.8,86.78,282.5,0.37,1.178,catalyst_fade
B01282,2025-07-23 08:00,Grade_B,Line_1,day,187.32,12.7,40.62,0.495,6.65,52.5,1152.2,9.39,84.96,295.4,0.229,1.264,catalyst_fade
B01180,2025-04-05 14:00,Grade_A,Line_2,day,226.44,17.42,63.41,0.756,7.09,36.9,1241.9,16.26,93.79,225.8,0.151,1.102,high_load
B01278,2025-07-19 14:00,Grade_B,Line_1,day,180.47,13.85,44.7,0.541,6.29,53.6,1190.0,9.25,80.99,296.1,0.392,1.364,catalyst_fade
B01336,2025-09-21 22:00,Grade_C,Line_3,night,158.32,10.56,24.64,0.619,6.54,106.3,879.5,5.46,69.42,168.2,0.3,1.626,startup_transition
B01322,2025-09-07 10:00,Grade_C,Line_3,day,156.68,9.41,33.41,0.604,6.95,97.8,963.8,6.0,68.39,194.1,0.518,1.383,startup_transition
B01264,2025-07-05 06:00,Grade_B,Line_1,day,188.43,13.63,43.35,0.584,6.3,39.1,1152.3,9.17,79.01,260.5,0.266,1.447,catalyst_fade
B01287,2025-07-28 14:00,Grade_B,Line_1,day,192.67,12.65,38.31,0.509,6.87,62.8,1145.0,8.68,85.52,291.9,0.243,1.254,catalyst_fade
B01008,2025-10-01 08:00,Grade_A,Line_1,day,188.06,12.64,48.8,0.898,7.03,18.1,1004.2,11.75,96.21,217.7,0.148,0.873,normal
B01059,2025-12-24 22:00,Grade_A,Line_1,night,202.3,15.3,42.01,0.933,7.08,8.9,1013.3,12.87,95.99,197.7,0.085,0.903,normal
B01141,2025-03-22 14:00,Grade_A,Line_2,day,228.9,17.15,58.71,0.758,6.96,36.3,1203.4,16.22,93.1,202.2,0.27,1.134,high_load
B01081,2025-01-18 16:00,Grade_A,Line_1,day,186.05,14.97,47.26,0.917,7.09,21.2,1012.4,11.33,96.02,217.8,0.084,1.007,normal
B01388,2025-11-17 14:00,Grade_C,Line_3,day,140.4,8.8,24.22,0.708,6.31,85.5,858.3,4.02,76.66,170.5,0.481,1.546,startup_transition
B01369,2025-10-26 16:00,Grade_C,Line_3,day,147.9,9.37,25.89,0.577,6.73,86.5,922.0,7.49,76.67,175.0,0.443,1.471,startup_transition
B01061,2025-12-26 08:00,Grade_A,Line_1,day,194.23,12.47,50.32,0.885,7.23,16.7,969.2,13.5,97.92,189.7,0.135,0.927,normal
B01226,2025-05-23 00:00,Grade_B,Line_1,night,185.84,10.7,35.38,0.461,6.62,35.9,1145.6,8.0,84.14,304.5,0.288,1.203,catalyst_fade
B01164,2025-03-17 14:00,Grade_A,Line_2,day,211.7,16.6,57.84,0.809,6.54,35.9,1364.8,16.74,91.96,200.9,0.219,1.132,high_load
B01273,2025-07-14 16:00,Grade_B,Line_1,day,192.8,12.25,41.55,0.541,6.44,72.1,1213.3,9.53,81.32,301.4,0.34,1.365,catalyst_fade
B01142,2025-03-23 10:00,Grade_A,Line_2,day,233.35,16.15,65.87,0.852,6.61,38.7,1350.6,14.87,88.22,217.9,0.228,1.236,high_load
B01147,2025-03-28 00:00,Grade_A,Line_2,night,213.83,18.99,62.87,0.804,6.83,31.8,1273.6,15.99,89.31,214.8,0.248,1.225,high_load
B01099,2025-01-08 10:00,Grade_A,Line_1,day,192.28,15.67,45.87,0.921,7.21,8.9,1033.6,12.0,95.32,202.3,0.119,0.9,normal
B01103,2025-01-12 22:00,Grade_A,Line_1,night,188.09,12.72,48.93,0.901,7.34,20.3,927.9,12.09,96.88,218.8,0.141,1.0,normal
B01165,2025-03-18 06:00,Grade_A,Line_2,day,223.24,17.1,67.71,0.752,6.99,36.9,1335.4,16.73,88.64,205.8,0.169,1.088,high_load
B01108,2025-01-17 00:00,Grade_A,Line_1,night,197.31,15.62,42.19,0.848,6.89,24.0,1029.6,12.27,97.1,189.5,0.092,0.898,normal
B01320,2025-09-05 16:00,Grade_C,Line_3,day,164.3,11.86,28.45,0.704,6.76,117.3,882.6,5.84,74.98,151.6,0.329,1.327,startup_transition
B01296,2025-08-09 06:00,Grade_B,Line_1,day,192.03,13.73,44.94,0.542,6.58,48.1,1063.5,7.29,85.26,279.0,0.286,1.188,catalyst_fade
B01012,2025-10-05 22:00,Grade_A,Line_1,night,204.29,15.72,49.55,0.91,7.23,14.8,1040.9,12.12,97.6,198.1,0.105,0.863,normal
B01329,2025-09-14 08:00,Grade_C,Line_3,day,164.17,8.24,32.21,0.645,6.63,81.5,860.2,5.44,74.53,205.9,0.364,1.308,startup_transition
B01267,2025-07-08 22:00,Grade_B,Line_1,night,188.8,11.91,39.22,0.627,6.32,41.0,1195.3,9.94,86.44,248.3,0.402,1.295,catalyst_fade
B01053,2025-12-18 06:00,Grade_A,Line_1,day,197.19,14.96,51.48,0.847,6.93,19.2,948.3,11.52,94.3,180.1,0.125,0.969,normal
B01024,2025-11-17 10:00,Grade_A,Line_1,day,195.91,15.34,47.83,0.839,6.88,13.2,1081.8,13.39,97.44,216.0,0.101,0.9,normal
B01240,2025-06-09 16:00,Grade_B,Line_1,day,181.39,12.91,43.07,0.467,6.59,59.8,1221.3,8.56,87.17,241.0,0.36,1.326,catalyst_fade
B01171,2025-04-24 18:00,Grade_A,Line_2,day,210.74,17.09,67.9,0.814,6.71,43.5,1249.3,16.04,91.96,205.1,0.23,1.21,high_load
B01367,2025-10-24 18:00,Grade_C,Line_3,day,156.96,10.39,21.32,0.59,6.97,89.2,928.2,4.16,80.68,168.3,0.422,1.598,startup_transition
B01376,2025-10-05 06:00,Grade_C,Line_3,day,158.22,9.81,32.41,0.558,7.0,86.3,871.2,6.94,74.48,181.0,0.458,1.32,startup_transition
B01023,2025-11-16 06:00,Grade_A,Line_1,day,186.85,13.69,44.77,0.82,7.26,18.8,967.2,13.22,96.21,197.1,0.081,0.865,normal
B01160,2025-03-13 14:00,Grade_A,Line_2,day,219.92,16.96,59.18,0.787,6.78,36.2,1220.9,15.08,93.3,228.0,0.254,1.194,high_load
B01003,2025-10-24 08:00,Grade_A,Line_1,day,186.85,12.39,50.47,0.898,7.28,20.4,1016.5,13.92,95.51,202.1,0.163,0.974,normal
B01375,2025-10-04 00:00,Grade_C,Line_3,night,164.08,11.47,33.31,0.636,6.78,92.6,948.4,6.88,71.7,206.3,0.443,1.514,startup_transition
B01268,2025-07-09 00:00,Grade_B,Line_1,night,178.63,11.52,38.59,0.456,6.68,72.7,1244.7,7.39,87.2,249.0,0.302,1.164,catalyst_fade
B01199,2025-04-24 10:00,Grade_A,Line_2,day,224.84,18.08,60.79,0.751,6.71,23.0,1347.9,16.08,90.87,213.7,0.162,1.211,high_load
B01236,2025-06-05 08:00,Grade_B,Line_1,day,184.47,10.46,42.85,0.544,6.83,46.9,1178.4,8.16,81.71,270.5,0.257,1.163,catalyst_fade
B01019,2025-10-12 08:00,Grade_A,Line_1,day,203.83,14.28,47.79,0.825,6.85,19.2,1021.7,11.95,95.04,206.8,0.111,0.903,normal
B01106,2025-01-15 10:00,Grade_A,Line_1,day,190.46,15.62,43.47,0.877,7.37,11.8,1001.2,12.05,94.11,182.1,0.13,0.897,normal
B01068,2025-12-05 22:00,Grade_A,Line_1,night,196.32,15.17,43.7,0.83,7.32,18.5,963.3,13.74,94.57,198.4,0.105,0.901,normal
B01265,2025-07-06 16:00,Grade_B,Line_1,day,180.28,10.2,43.13,0.625,6.8,51.2,1185.4,8.28,79.16,308.1,0.398,1.153,catalyst_fade
B01051,2025-12-16 16:00,Grade_A,Line_1,day,194.39,13.76,43.84,0.827,7.36,16.1,1068.0,12.2,94.3,205.2,0.085,0.88,normal
B01074,2025-12-11 14:00,Grade_A,Line_1,day,202.2,14.9,51.8,0.946,7.28,14.2,1062.3,11.04,96.15,198.2,0.147,0.984,normal
B01168,2025-03-21 06:00,Grade_A,Line_2,day,215.74,19.61,64.0,0.824,6.66,43.1,1307.4,14.84,91.26,239.5,0.173,1.22,high_load
B01159,2025-03-12 14:00,Grade_A,Line_2,day,221.98,19.48,59.33,0.874,6.51,43.4,1371.3,14.35,94.0,228.7,0.182,1.171,high_load
B01360,2025-10-17 22:00,Grade_C,Line_3,night,173.99,11.01,28.63,0.568,6.43,105.0,826.6,5.34,73.09,194.7,0.437,1.405,startup_transition
B01349,2025-09-06 22:00,Grade_C,Line_3,night,146.65,10.73,31.49,0.581,6.28,78.7,858.0,4.39,76.2,152.6,0.534,1.371,startup_transition
B01175,2025-04-28 14:00,Grade_A,Line_2,day,228.02,17.98,63.02,0.81,6.58,20.2,1241.0,16.52,90.28,251.7,0.207,1.136,high_load
B01098,2025-01-07 18:00,Grade_A,Line_1,day,197.1,14.01,51.58,0.879,7.29,22.2,1096.8,11.25,96.58,181.6,0.151,1.048,normal
B01079,2025-12-16 06:00,Grade_A,Line_1,day,186.01,13.33,51.89,0.922,6.92,22.1,1019.8,12.76,97.25,189.3,0.157,1.008,normal
B01257,2025-06-26 10:00,Grade_B,Line_1,day,184.79,13.05,35.88,0.573,6.64,53.2,1243.1,8.15,78.38,256.0,0.295,1.154,catalyst_fade
B01248,2025-06-17 14:00,Grade_B,Line_1,day,180.38,11.64,35.2,0.606,6.74,35.4,1232.3,8.94,84.01,240.7,0.27,1.392,catalyst_fade
B01013,2025-10-06 06:00,Grade_A,Line_1,day,196.77,12.92,44.2,0.829,7.18,11.9,1083.0,13.58,94.28,189.5,0.147,0.893,normal
B01260,2025-07-01 22:00,Grade_B,Line_1,night,175.38,10.9,44.85,0.492,6.22,57.7,1074.6,9.13,85.92,270.0,0.348,1.381,catalyst_fade
B01228,2025-05-25 18:00,Grade_B,Line_1,day,177.73,10.63,44.49,0.608,6.87,64.2,1084.8,9.91,84.94,314.3,0.377,1.217,catalyst_fade
B01048,2025-11-13 22:00,Grade_A,Line_1,night,198.84,13.22,47.82,0.882,7.12,15.2,1054.3,11.99,96.81,190.8,0.105,0.874,normal
B01104,2025-01-13 00:00,Grade_A,Line_1,night,189.68,12.96,51.66,0.922,7.34,11.3,1042.1,12.71,95.76,210.8,0.158,0.951,normal
B01020,2025-11-13 10:00,Grade_A,Line_1,day,198.43,13.2,45.16,0.918,6.84,15.8,1099.7,13.99,94.29,188.5,0.107,1.037,normal
B01192,2025-04-17 14:00,Grade_A,Line_2,day,230.14,18.28,61.92,0.828,6.6,44.5,1217.3,15.72,93.71,230.9,0.267,1.213,high_load
B01058,2025-12-23 18:00,Grade_A,Line_1,day,198.4,15.43,45.3,0.91,6.97,24.1,1066.4,12.65,95.82,192.6,0.112,1.044,normal
B01090,2025-01-27 00:00,Grade_A,Line_1,night,193.28,12.86,47.12,0.865,6.87,19.5,1026.8,12.58,95.23,188.8,0.178,0.861,normal
B01373,2025-10-02 14:00,Grade_C,Line_3,day,160.87,8.92,20.39,0.566,6.78,59.4,952.3,5.88,76.04,161.0,0.397,1.49,startup_transition
B01269,2025-07-10 16:00,Grade_B,Line_1,day,188.1,10.05,43.68,0.555,6.72,67.6,1094.8,9.87,86.73,281.5,0.358,1.335,catalyst_fade
B01111,2025-02-20 18:00,Grade_A,Line_1,day,200.77,13.38,49.33,0.902,7.26,20.5,979.9,11.13,96.18,212.5,0.098,1.006,normal
B01155,2025-03-08 14:00,Grade_A,Line_2,day,230.39,18.93,59.15,0.828,6.9,28.0,1219.4,14.43,91.96,213.3,0.189,1.062,high_load
B01232,2025-06-01 22:00,Grade_B,Line_1,night,182.02,11.5,43.29,0.608,6.6,69.1,1095.1,8.35,85.99,242.7,0.224,1.228,catalyst_fade
B01191,2025-04-16 08:00,Grade_A,Line_2,day,220.98,19.98,65.08,0.781,6.99,34.7,1230.6,16.13,91.8,210.0,0.168,1.091,high_load
B01122,2025-02-03 18:00,Grade_A,Line_2,day,226.06,17.8,63.84,0.795,7.03,39.5,1297.2,14.55,93.8,226.0,0.268,1.061,high_load
B01255,2025-06-24 08:00,Grade_B,Line_1,day,184.44,10.78,36.2,0.586,6.57,53.6,1224.2,7.45,87.92,267.4,0.417,1.418,catalyst_fade
B01045,2025-11-10 10:00,Grade_A,Line_1,day,199.68,15.86,44.7,0.925,7.12,16.2,998.4,13.19,95.07,214.1,0.163,0.867,normal
B01212,2025-05-09 16:00,Grade_A,Line_2,day,218.18,18.21,55.1,0.776,6.84,27.6,1293.2,15.39,91.55,229.6,0.25,1.089,high_load
B01140,2025-03-21 14:00,Grade_A,Line_2,day,211.31,17.65,64.33,0.763,6.96,20.1,1276.6,16.79,90.44,256.1,0.264,1.145,high_load
B01017,2025-10-10 22:00,Grade_A,Line_1,night,190.3,15.14,46.55,0.875,7.37,24.9,1020.0,13.16,94.62,191.9,0.177,0.966,normal
B01364,2025-10-21 16:00,Grade_C,Line_3,day,140.48,10.78,21.67,0.64,6.02,64.6,896.8,4.82,73.9,165.5,0.421,1.592,startup_transition
B01162,2025-03-15 22:00,Grade_A,Line_2,night,224.24,16.98,62.16,0.873,6.7,39.1,1262.4,16.17,92.44,227.6,0.245,1.12,high_load
B01362,2025-10-19 22:00,Grade_C,Line_3,night,151.32,11.7,21.34,0.684,6.42,74.4,857.7,6.38,65.41,168.3,0.547,1.546,startup_transition
B01158,2025-03-11 08:00,Grade_A,Line_2,day,233.06,19.39,56.2,0.844,6.61,26.7,1304.9,15.81,93.24,211.3,0.249,1.195,high_load
B01060,2025-12-25 10:00,Grade_A,Line_1,day,203.55,13.75,48.98,0.836,7.38,18.4,963.1,11.48,96.2,202.1,0.089,1.048,normal
B01305,2025-08-18 08:00,Grade_B,Line_1,day,185.29,11.12,36.5,0.481,6.62,71.8,1182.2,8.24,81.3,249.1,0.355,1.294,catalyst_fade
B01096,2025-01-05 18:00,Grade_A,Line_1,day,202.28,14.51,43.51,0.829,7.07,13.1,969.4,11.17,96.03,192.4,0.125,0.861,normal
B01200,2025-05-25 08:00,Grade_A,Line_2,day,217.83,19.52,56.78,0.851,6.95,23.3,1378.4,14.43,91.18,200.5,0.235,1.138,high_load
B01311,2025-08-24 22:00,Grade_C,Line_3,night,152.27,11.22,33.62,0.717,6.58,79.8,845.8,7.06,80.47,155.0,0.45,1.517,startup_transition
B01293,2025-08-06 16:00,Grade_B,Line_1,day,187.13,11.13,44.27,0.526,6.78,36.4,1081.3,7.66,85.47,303.7,0.39,1.238,catalyst_fade
B01085,2025-01-22 08:00,Grade_A,Line_1,day,201.64,12.37,42.97,0.916,7.29,17.5,1025.6,12.68,95.32,184.9,0.115,0.983,normal
B01274,2025-07-15 18:00,Grade_B,Line_1,day,189.32,10.46,42.59,0.494,6.44,72.3,1242.9,7.88,83.22,296.2,0.229,1.199,catalyst_fade
B01321,2025-09-06 14:00,Grade_C,Line_3,day,163.69,8.92,24.74,0.741,6.52,50.7,949.8,4.99,66.58,190.4,0.505,1.33,startup_transition
B01193,2025-04-18 10:00,Grade_A,Line_2,day,234.07,19.14,66.94,0.879,7.02,23.2,1349.2,14.75,92.27,249.7,0.249,1.185,high_load
B01174,2025-04-27 14:00,Grade_A,Line_2,day,224.3,16.68,59.95,0.768,6.68,32.3,1164.6,15.3,90.53,229.1,0.16,1.1,high_load
B01016,2025-10-09 08:00,Grade_A,Line_1,day,186.01,16.0,50.36,0.946,7.36,22.4,949.9,12.46,94.85,196.0,0.086,0.926,normal
B01144,2025-03-25 10:00,Grade_A,Line_2,day,210.35,17.35,58.84,0.838,6.62,35.3,1296.9,15.22,90.57,219.7,0.202,1.069,high_load
B01077,2025-12-14 22:00,Grade_A,Line_1,night,196.75,14.91,50.85,0.905,7.3,18.5,1089.0,11.84,96.76,188.7,0.124,0.897,normal
B01034,2025-11-27 14:00,Grade_A,Line_1,day,188.52,15.83,47.18,0.827,6.95,22.4,1002.2,13.4,96.67,219.5,0.14,1.04,normal
B01182,2025-04-07 10:00,Grade_A,Line_2,day,218.71,17.37,65.2,0.818,6.71,22.4,1316.1,15.36,88.4,202.7,0.242,1.055,high_load
